Invoice ID,Branch,City,Customer type,Gender,Product line,Unit price,Quantity,Tax 5%,Total,Date,Time,Payment,cogs,gross margin percentage,gross income,Rating
277-63-2961,B,Mandalay,Member,Male,Sports and travel,73.97,1,3.6985,77.6685,2/3/2019,15:53,Credit card,73.97,4.761904762,3.6985,5.4
573-98-8548,C,Naypyitaw,Member,Female,Fashion accessories,31.9,1,1.595,33.495,1/5/2019,12:40,Ewallet,31.9,4.761904762,1.595,9.1
620-02-2046,C,Naypyitaw,Normal,Male,Home and lifestyle,69.4,2,6.94,145.74,1/27/2019,19:48,Ewallet,138.8,4.761904762,6.94,9.0
282-35-2475,B,Mandalay,Normal,Female,Sports and travel,93.31,2,9.331,195.951,3/25/2019,17:53,Cash,186.62,4.761904762,9.331,6.3
511-54-3087,B,Mandalay,Normal,Male,Sports and travel,88.45,1,4.4225,92.8725,2/25/2019,16:36,Credit card,88.45,4.761904762,4.4225,9.5
726-29-6793,A,Yangon,Member,Male,Electronic accessories,24.18,8,9.672,203.112,1/28/2019,20:54,Ewallet,193.44,4.761904762,9.672,9.8
387-49-4215,B,Mandalay,Member,Female,Sports and travel,48.5,3,7.275,152.775,1/8/2019,12:50,Cash,145.5,4.761904762,7.275,6.7
862-17-9201,B,Mandalay,Normal,Female,Food and beverages,84.05,6,25.215,529.515,1/29/2019,10:48,Credit card,504.3,4.761904762,25.215,7.7
291-21-5991,B,Mandalay,Member,Male,Health and beauty,61.29,5,15.3225,321.7725,3/29/2019,14:28,Cash,306.45,4.761904762,15.3225,7.0
602-80-9671,C,Naypyitaw,Member,Female,Home and lifestyle,15.95,6,4.785,100.485,2/9/2019,17:15,Credit card,95.7,4.761904762,4.785,5.1
347-72-6115,B,Mandalay,Member,Female,Sports and travel,90.74,7,31.759,666.939,1/16/2019,18:03,Credit card,635.18,4.761904762,31.759,6.2
209-61-0206,A,Yangon,Normal,Female,Home and lifestyle,42.91,5,10.7275,225.2775,1/5/2019,17:29,Ewallet,214.55,4.761904762,10.7275,6.1
595-27-4851,A,Yangon,Normal,Female,Fashion accessories,54.28,7,18.998,398.958,1/27/2019,18:05,Ewallet,379.96,4.761904762,18.998,9.3
189-52-0236,A,Yangon,Normal,Male,Electronic accessories,99.55,7,34.8425,731.6925,3/14/2019,12:07,Cash,696.85,4.761904762,34.8425,7.6
503-07-0930,C,Naypyitaw,Member,Male,Sports and travel,58.39,7,20.4365,429.1665,2/23/2019,19:49,Credit card,408.73,4.761904762,20.4365,8.2
413-20-6708,C,Naypyitaw,Member,Female,Fashion accessories,51.47,1,2.5735,54.0435,3/18/2019,15:52,Ewallet,51.47,4.761904762,2.5735,8.5
425-85-2085,B,Mandalay,Member,Male,Health and beauty,54.86,5,13.715,288.015,3/29/2019,16:48,Ewallet,274.3,4.761904762,13.715,9.8
521-18-7827,C,Naypyitaw,Member,Male,Home and lifestyle,39.39,5,9.8475,206.7975,1/22/2019,20:46,Credit card,196.95,4.761904762,9.8475,8.7
220-28-1851,A,Yangon,Normal,Male,Home and lifestyle,34.73,2,3.473,72.933,3/1/2019,18:14,Ewallet,69.46,4.761904762,3.473,9.7
600-38-9738,C,Naypyitaw,Member,Male,Sports and travel,71.92,5,17.98,377.58,1/17/2019,15:05,Credit card,359.6,4.761904762,17.98,4.3
734-91-1155,B,Mandalay,Normal,Female,Electronic accessories,45.71,3,6.8565,143.9865,3/26/2019,10:34,Credit card,137.13,4.761904762,6.8565,7.7
451-28-5717,C,Naypyitaw,Member,Female,Home and lifestyle,83.17,6,24.951,523.971,3/20/2019,11:23,Cash,499.02,4.761904762,24.951,7.3
609-81-8548,A,Yangon,Member,Female,Home and lifestyle,37.44,6,11.232,235.872,2/6/2019,13:55,Credit card,224.64,4.761904762,11.232,5.9
133-14-7229,C,Naypyitaw,Normal,Male,Health and beauty,62.87,2,6.287,132.027,1/1/2019,11:43,Cash,125.74,4.761904762,6.287,5.0
534-01-4457,A,Yangon,Normal,Male,Food and beverages,81.71,6,24.513,514.773,1/27/2019,14:36,Credit card,490.26,4.761904762,24.513,8.0
719-89-8991,A,Yangon,Member,Female,Sports and travel,91.41,5,22.8525,479.9025,2/25/2019,16:03,Ewallet,457.05,4.761904762,22.8525,7.1
286-62-6248,B,Mandalay,Normal,Male,Fashion accessories,39.21,4,7.842,164.682,1/16/2019,20:03,Credit card,156.84,4.761904762,7.842,9.0
339-38-9982,B,Mandalay,Member,Male,Fashion accessories,59.86,2,5.986,125.706,1/13/2019,14:55,Ewallet,119.72,4.761904762,5.986,6.7
827-44-5872,B,Mandalay,Member,Female,Food and beverages,54.36,10,27.18,570.78,2/7/2019,11:28,Credit card,543.6,4.761904762,27.18,6.1
827-77-7633,A,Yangon,Normal,Male,Sports and travel,98.09,9,44.1405,926.9505,2/17/2019,19:41,Cash,882.81,4.761904762,44.1405,9.3
287-83-1405,A,Yangon,Normal,Male,Health and beauty,25.43,6,7.629,160.209,2/12/2019,19:01,Ewallet,152.58,4.761904762,7.629,7.0
435-13-4908,A,Yangon,Member,Male,Fashion accessories,86.68,8,34.672,728.112,1/24/2019,18:04,Credit card,693.44,4.761904762,34.672,7.2
857-67-9057,B,Mandalay,Normal,Male,Electronic accessories,22.95,10,11.475,240.975,2/6/2019,19:20,Ewallet,229.5,4.761904762,11.475,8.2
236-27-1144,C,Naypyitaw,Normal,Female,Food and beverages,16.31,9,7.3395,154.1295,3/26/2019,10:31,Ewallet,146.79,4.761904762,7.3395,8.4
892-05-6689,A,Yangon,Normal,Female,Home and lifestyle,28.32,5,7.08,148.68,3/11/2019,13:28,Ewallet,141.6,4.761904762,7.08,6.2
583-41-4548,C,Naypyitaw,Normal,Male,Home and lifestyle,16.67,7,5.8345,122.5245,2/7/2019,11:36,Ewallet,116.69,4.761904762,5.8345,7.4
339-12-4827,B,Mandalay,Member,Female,Fashion accessories,73.96,1,3.698,77.658,1/5/2019,11:32,Credit card,73.96,4.761904762,3.698,5.0
643-38-7867,A,Yangon,Normal,Male,Home and lifestyle,97.94,1,4.897,102.837,3/7/2019,11:44,Ewallet,97.94,4.761904762,4.897,6.9
308-81-0538,A,Yangon,Normal,Female,Fashion accessories,73.05,4,14.61,306.81,2/25/2019,17:16,Credit card,292.2,4.761904762,14.61,4.9
358-88-9262,C,Naypyitaw,Member,Female,Food and beverages,87.48,6,26.244,551.124,2/1/2019,18:43,Ewallet,524.88,4.761904762,26.244,5.1
460-35-4390,A,Yangon,Normal,Male,Home and lifestyle,30.68,3,4.602,96.642,1/22/2019,11:00,Ewallet,92.04,4.761904762,4.602,9.1
343-87-0864,C,Naypyitaw,Member,Male,Health and beauty,75.88,1,3.794,79.674,1/3/2019,10:30,Credit card,75.88,4.761904762,3.794,7.1
173-50-1108,B,Mandalay,Member,Female,Sports and travel,20.18,4,4.036,84.756,2/13/2019,12:14,Credit card,80.72,4.761904762,4.036,5.0
243-47-2663,C,Naypyitaw,Member,Male,Electronic accessories,18.77,6,5.631,118.251,1/28/2019,16:43,Credit card,112.62,4.761904762,5.631,5.5
841-18-8232,B,Mandalay,Normal,Female,Food and beverages,71.2,1,3.56,74.76,1/5/2019,20:40,Credit card,71.2,4.761904762,3.56,9.2
701-23-5550,B,Mandalay,Member,Male,Home and lifestyle,38.81,4,7.762,163.002,3/19/2019,13:40,Ewallet,155.24,4.761904762,7.762,4.9
647-50-1224,A,Yangon,Normal,Female,Fashion accessories,29.42,10,14.71,308.91,1/12/2019,16:23,Ewallet,294.2,4.761904762,14.71,8.9
541-48-8554,A,Yangon,Normal,Male,Sports and travel,60.95,9,27.4275,575.9775,1/7/2019,12:08,Credit card,548.55,4.761904762,27.4275,6.0
539-21-7227,B,Mandalay,Normal,Female,Sports and travel,51.54,5,12.885,270.585,1/26/2019,17:45,Cash,257.7,4.761904762,12.885,4.2
213-32-1216,A,Yangon,Normal,Female,Electronic accessories,66.06,6,19.818,416.178,1/23/2019,10:28,Cash,396.36,4.761904762,19.818,7.3
747-58-7183,B,Mandalay,Normal,Male,Fashion accessories,57.27,3,8.5905,180.4005,2/9/2019,20:31,Ewallet,171.81,4.761904762,8.5905,6.5
582-52-8065,B,Mandalay,Normal,Female,Fashion accessories,54.31,9,24.4395,513.2295,2/22/2019,10:49,Cash,488.79,4.761904762,24.4395,8.9
210-57-1719,B,Mandalay,Normal,Female,Health and beauty,58.24,9,26.208,550.368,2/5/2019,12:34,Cash,524.16,4.761904762,26.208,9.7
399-69-4630,C,Naypyitaw,Normal,Male,Electronic accessories,22.21,6,6.663,139.923,3/7/2019,10:23,Credit card,133.26,4.761904762,6.663,8.6
134-75-2619,A,Yangon,Member,Male,Electronic accessories,19.32,7,6.762,142.002,3/25/2019,18:51,Cash,135.24,4.761904762,6.762,6.9
356-44-8813,B,Mandalay,Normal,Male,Home and lifestyle,37.48,3,5.622,118.062,1/20/2019,13:45,Credit card,112.44,4.761904762,5.622,7.7
198-66-9832,B,Mandalay,Member,Female,Fashion accessories,72.04,2,7.204,151.284,2/4/2019,19:38,Cash,144.08,4.761904762,7.204,9.5
283-26-5248,C,Naypyitaw,Member,Female,Food and beverages,98.52,10,49.26,1034.46,1/30/2019,20:23,Ewallet,985.2,4.761904762,49.26,4.5
712-39-0363,A,Yangon,Member,Male,Food and beverages,41.66,6,12.498,262.458,1/2/2019,15:24,Ewallet,249.96,4.761904762,12.498,5.6
218-59-9410,A,Yangon,Member,Female,Home and lifestyle,72.42,3,10.863,228.123,3/29/2019,16:54,Ewallet,217.26,4.761904762,10.863,8.2
174-75-0888,B,Mandalay,Normal,Male,Electronic accessories,21.58,9,9.711,203.931,3/14/2019,12:32,Cash,194.22,4.761904762,9.711,7.3
866-99-7614,C,Naypyitaw,Normal,Male,Food and beverages,89.2,10,44.6,936.6,2/11/2019,15:42,Credit card,892.0,4.761904762,44.6,4.4
134-54-4720,B,Mandalay,Normal,Female,Electronic accessories,42.42,8,16.968,356.328,1/30/2019,13:58,Ewallet,339.36,4.761904762,16.968,5.7
760-90-2357,A,Yangon,Member,Male,Electronic accessories,74.51,6,22.353,469.413,3/20/2019,15:08,Ewallet,447.06,4.761904762,22.353,5.0
514-37-2845,B,Mandalay,Normal,Male,Fashion accessories,99.25,2,9.925,208.425,3/20/2019,13:02,Cash,198.5,4.761904762,9.925,9.0
698-98-5964,A,Yangon,Normal,Female,Food and beverages,81.21,10,40.605,852.705,1/17/2019,13:01,Credit card,812.1,4.761904762,40.605,6.3
718-57-9773,C,Naypyitaw,Normal,Female,Sports and travel,49.33,10,24.665,517.965,2/3/2019,16:40,Credit card,493.3,4.761904762,24.665,9.4
651-88-7328,A,Yangon,Normal,Female,Fashion accessories,65.74,9,29.583,621.243,1/1/2019,13:55,Cash,591.66,4.761904762,29.583,7.7
241-11-2261,B,Mandalay,Normal,Female,Fashion accessories,79.86,7,27.951,586.971,1/10/2019,10:33,Credit card,559.02,4.761904762,27.951,5.5
408-26-9866,C,Naypyitaw,Normal,Female,Sports and travel,73.98,7,25.893,543.753,3/2/2019,16:42,Ewallet,517.86,4.761904762,25.893,4.1
834-83-1826,B,Mandalay,Member,Female,Home and lifestyle,82.04,5,20.51,430.71,2/25/2019,17:16,Credit card,410.2,4.761904762,20.51,7.6
343-61-3544,B,Mandalay,Member,Male,Sports and travel,26.67,10,13.335,280.035,1/29/2019,11:48,Cash,266.7,4.761904762,13.335,8.6
239-48-4278,A,Yangon,Member,Male,Food and beverages,10.13,7,3.5455,74.4555,3/10/2019,19:35,Ewallet,70.91,4.761904762,3.5455,8.3
355-34-6244,B,Mandalay,Normal,Male,Food and beverages,72.39,2,7.239,152.019,1/13/2019,19:55,Credit card,144.78,4.761904762,7.239,8.1
550-84-8664,A,Yangon,Normal,Male,Sports and travel,85.91,5,21.4775,451.0275,3/22/2019,14:33,Credit card,429.55,4.761904762,21.4775,8.6
339-96-8318,B,Mandalay,Member,Male,Fashion accessories,81.31,7,28.4585,597.6285,3/1/2019,19:49,Ewallet,569.17,4.761904762,28.4585,6.3
458-61-0011,B,Mandalay,Normal,Male,Food and beverages,60.3,4,12.06,253.26,2/20/2019,18:43,Cash,241.2,4.761904762,12.06,5.8
592-34-6155,C,Naypyitaw,Normal,Male,Food and beverages,31.77,4,6.354,133.434,1/14/2019,14:43,Ewallet,127.08,4.761904762,6.354,6.2
797-88-0493,A,Yangon,Normal,Female,Health and beauty,64.27,4,12.854,269.934,3/26/2019,13:54,Cash,257.08,4.761904762,12.854,7.7
207-73-1363,B,Mandalay,Normal,Male,Health and beauty,69.51,2,6.951,145.971,3/1/2019,12:15,Ewallet,139.02,4.761904762,6.951,8.1
390-31-6381,C,Naypyitaw,Normal,Male,Food and beverages,27.22,3,4.083,85.743,1/7/2019,12:37,Cash,81.66,4.761904762,4.083,7.3
443-82-0585,A,Yangon,Member,Female,Health and beauty,77.68,4,15.536,326.256,2/1/2019,19:54,Cash,310.72,4.761904762,15.536,8.4
339-18-7061,C,Naypyitaw,Member,Female,Fashion accessories,92.98,2,9.298,195.258,2/13/2019,15:06,Credit card,185.96,4.761904762,9.298,8.0
359-90-3665,B,Mandalay,Member,Female,Fashion accessories,18.08,4,3.616,75.936,1/14/2019,18:03,Credit card,72.32,4.761904762,3.616,9.5
375-72-3056,B,Mandalay,Normal,Male,Sports and travel,63.06,3,9.459,198.639,1/19/2019,15:58,Ewallet,189.18,4.761904762,9.459,7.0
127-47-6963,A,Yangon,Normal,Male,Health and beauty,51.71,4,10.342,217.182,3/9/2019,13:53,Credit card,206.84,4.761904762,10.342,9.8
278-86-2735,A,Yangon,Normal,Female,Food and beverages,52.34,3,7.851,164.871,3/27/2019,14:03,Cash,157.02,4.761904762,7.851,9.2
695-28-6250,A,Yangon,Normal,Female,Sports and travel,43.06,5,10.765,226.065,2/4/2019,16:38,Ewallet,215.3,4.761904762,10.765,7.7
379-17-6588,C,Naypyitaw,Normal,Male,Fashion accessories,59.61,10,29.805,625.905,3/14/2019,11:07,Cash,596.1,4.761904762,29.805,5.3
227-50-3718,A,Yangon,Normal,Male,Health and beauty,14.62,5,3.655,76.755,3/4/2019,12:23,Cash,73.1,4.761904762,3.655,4.4
302-15-2162,C,Naypyitaw,Member,Male,Health and beauty,46.53,6,13.959,293.139,3/3/2019,10:54,Credit card,279.18,4.761904762,13.959,4.3
788-07-8452,C,Naypyitaw,Member,Female,Home and lifestyle,24.24,7,8.484,178.164,1/27/2019,17:38,Ewallet,169.68,4.761904762,8.484,9.4
560-49-6611,A,Yangon,Member,Female,Sports and travel,45.58,1,2.279,47.859,2/7/2019,14:13,Cash,45.58,4.761904762,2.279,9.8
880-35-0356,A,Yangon,Member,Female,Sports and travel,75.2,3,11.28,236.88,2/5/2019,11:51,Ewallet,225.6,4.761904762,11.28,4.8
585-11-6748,B,Mandalay,Member,Male,Sports and travel,96.8,3,14.52,304.92,3/15/2019,13:05,Cash,290.4,4.761904762,14.52,5.3
470-31-3286,B,Mandalay,Normal,Male,Health and beauty,14.82,3,2.223,46.683,3/1/2019,11:30,Credit card,44.46,4.761904762,2.223,8.7
152-68-2907,A,Yangon,Normal,Male,Food and beverages,52.2,3,7.83,164.43,2/15/2019,13:30,Credit card,156.6,4.761904762,7.83,9.5
123-35-4896,C,Naypyitaw,Normal,Female,Sports and travel,46.66,9,20.997,440.937,2/17/2019,19:11,Ewallet,419.94,4.761904762,20.997,5.3
258-69-7810,C,Naypyitaw,Normal,Female,Fashion accessories,36.85,5,9.2125,193.4625,1/26/2019,18:53,Cash,184.25,4.761904762,9.2125,9.2
334-64-2006,A,Yangon,Member,Female,Home and lifestyle,70.32,2,7.032,147.672,3/24/2019,14:22,Ewallet,140.64,4.761904762,7.032,9.6
219-61-4139,C,Naypyitaw,Normal,Male,Electronic accessories,83.08,1,4.154,87.234,1/23/2019,17:16,Ewallet,83.08,4.761904762,4.154,6.4
881-41-7302,C,Naypyitaw,Normal,Female,Fashion accessories,64.99,1,3.2495,68.2395,1/26/2019,10:06,Credit card,64.99,4.761904762,3.2495,4.5
373-09-4567,C,Naypyitaw,Normal,Male,Food and beverages,77.56,10,38.78,814.38,3/14/2019,20:35,Ewallet,775.6,4.761904762,38.78,6.9
642-30-6693,B,Mandalay,Normal,Female,Sports and travel,54.51,6,16.353,343.413,3/17/2019,13:54,Ewallet,327.06,4.761904762,16.353,7.8
484-22-8230,C,Naypyitaw,Member,Female,Fashion accessories,51.89,7,18.1615,381.3915,1/8/2019,20:08,Cash,363.23,4.761904762,18.1615,4.5
830-58-2383,B,Mandalay,Normal,Male,Home and lifestyle,31.75,4,6.35,133.35,2/8/2019,15:26,Cash,127.0,4.761904762,6.35,8.6
559-98-9873,A,Yangon,Member,Female,Fashion accessories,53.65,7,18.7775,394.3275,2/10/2019,12:56,Ewallet,375.55,4.761904762,18.7775,5.2
544-32-5024,C,Naypyitaw,Member,Female,Food and beverages,49.79,4,9.958,209.118,3/28/2019,19:16,Credit card,199.16,4.761904762,9.958,6.4
318-12-0304,A,Yangon,Normal,Male,Fashion accessories,30.61,1,1.5305,32.1405,1/23/2019,12:20,Ewallet,30.61,4.761904762,1.5305,5.2
349-97-8902,B,Mandalay,Member,Male,Food and beverages,57.89,2,5.789,121.569,1/17/2019,10:37,Ewallet,115.78,4.761904762,5.789,8.9
421-95-9805,A,Yangon,Normal,Female,Electronic accessories,28.96,1,1.448,30.408,2/7/2019,10:18,Credit card,28.96,4.761904762,1.448,6.2
277-35-5865,C,Naypyitaw,Member,Female,Food and beverages,98.97,9,44.5365,935.2665,3/9/2019,11:23,Cash,890.73,4.761904762,44.5365,6.7
789-23-8625,B,Mandalay,Member,Male,Fashion accessories,93.22,3,13.983,293.643,1/24/2019,11:45,Cash,279.66,4.761904762,13.983,7.2
284-54-4231,C,Naypyitaw,Member,Male,Sports and travel,80.93,1,4.0465,84.9765,1/19/2019,16:08,Credit card,80.93,4.761904762,4.0465,9.0
443-59-0061,A,Yangon,Member,Male,Food and beverages,67.45,10,33.725,708.225,2/3/2019,11:25,Ewallet,674.5,4.761904762,33.725,4.2
509-29-3912,A,Yangon,Member,Female,Sports and travel,38.72,9,17.424,365.904,3/20/2019,12:24,Ewallet,348.48,4.761904762,17.424,4.2
327-40-9673,B,Mandalay,Member,Male,Sports and travel,72.6,6,21.78,457.38,1/13/2019,19:51,Cash,435.6,4.761904762,21.78,6.9
840-19-2096,C,Naypyitaw,Member,Male,Electronic accessories,87.91,5,21.9775,461.5275,3/14/2019,18:10,Ewallet,439.55,4.761904762,21.9775,4.4
828-46-6863,A,Yangon,Member,Male,Food and beverages,98.53,6,29.559,620.739,1/23/2019,11:22,Credit card,591.18,4.761904762,29.559,4.0
641-96-3695,C,Naypyitaw,Member,Female,Fashion accessories,43.46,6,13.038,273.798,2/7/2019,17:55,Ewallet,260.76,4.761904762,13.038,8.5
420-97-3340,A,Yangon,Normal,Female,Food and beverages,71.68,3,10.752,225.792,3/28/2019,15:30,Credit card,215.04,4.761904762,10.752,9.2
436-54-4512,A,Yangon,Member,Female,Food and beverages,91.61,1,4.5805,96.1905,3/20/2019,19:44,Cash,91.61,4.761904762,4.5805,9.8
670-79-6321,B,Mandalay,Member,Female,Home and lifestyle,94.59,7,33.1065,695.2365,1/17/2019,15:27,Credit card,662.13,4.761904762,33.1065,4.9
852-62-7105,B,Mandalay,Normal,Female,Fashion accessories,83.25,10,41.625,874.125,1/12/2019,11:25,Credit card,832.5,4.761904762,41.625,4.4
598-06-7312,B,Mandalay,Member,Male,Fashion accessories,91.35,1,4.5675,95.9175,2/16/2019,15:42,Cash,91.35,4.761904762,4.5675,6.8
135-13-8269,B,Mandalay,Member,Female,Food and beverages,78.88,2,7.888,165.648,1/26/2019,16:04,Cash,157.76,4.761904762,7.888,9.1
816-57-2053,A,Yangon,Normal,Male,Sports and travel,60.87,2,6.087,127.827,3/9/2019,12:37,Ewallet,121.74,4.761904762,6.087,8.7
628-90-8624,B,Mandalay,Member,Male,Health and beauty,82.58,10,41.29,867.09,3/14/2019,14:41,Cash,825.8,4.761904762,41.29,5.0
856-66-2701,A,Yangon,Member,Male,Home and lifestyle,53.3,3,7.995,167.895,1/25/2019,14:19,Ewallet,159.9,4.761904762,7.995,7.5
308-39-1707,A,Yangon,Normal,Female,Fashion accessories,12.09,1,0.6045,12.6945,1/26/2019,18:19,Credit card,12.09,4.761904762,0.6045,8.2
149-61-1929,A,Yangon,Normal,Male,Sports and travel,64.19,10,32.095,673.995,1/19/2019,14:08,Credit card,641.9,4.761904762,32.095,6.7
655-07-2265,A,Yangon,Normal,Male,Electronic accessories,78.31,3,11.7465,246.6765,3/5/2019,16:38,Ewallet,234.93,4.761904762,11.7465,5.4
589-02-8023,A,Yangon,Member,Male,Food and beverages,83.77,2,8.377,175.917,1/15/2019,10:54,Credit card,167.54,4.761904762,8.377,7.0
420-04-7590,B,Mandalay,Normal,Male,Home and lifestyle,99.7,3,14.955,314.055,3/18/2019,11:29,Ewallet,299.1,4.761904762,14.955,4.7
182-88-2763,B,Mandalay,Member,Male,Food and beverages,79.91,3,11.9865,251.7165,3/20/2019,19:28,Credit card,239.73,4.761904762,11.9865,5.0
188-55-0967,B,Mandalay,Member,Male,Health and beauty,66.47,10,33.235,697.935,1/15/2019,15:01,Credit card,664.7,4.761904762,33.235,5.0
610-46-4100,A,Yangon,Normal,Male,Health and beauty,28.95,7,10.1325,212.7825,3/3/2019,20:31,Credit card,202.65,4.761904762,10.1325,6.0
318-81-2368,C,Naypyitaw,Normal,Female,Electronic accessories,46.2,1,2.31,48.51,3/19/2019,12:16,Cash,46.2,4.761904762,2.31,6.3
364-33-8584,B,Mandalay,Member,Female,Food and beverages,17.63,5,4.4075,92.5575,3/8/2019,15:27,Cash,88.15,4.761904762,4.4075,8.5
665-63-9737,B,Mandalay,Normal,Male,Fashion accessories,52.42,3,7.863,165.123,2/27/2019,17:36,Ewallet,157.26,4.761904762,7.863,7.5
695-09-5146,B,Mandalay,Member,Female,Food and beverages,98.79,3,14.8185,311.1885,2/23/2019,20:00,Ewallet,296.37,4.761904762,14.8185,6.4
155-45-3814,C,Naypyitaw,Member,Female,Electronic accessories,88.55,8,35.42,743.82,3/19/2019,15:29,Ewallet,708.4,4.761904762,35.42,4.7
794-32-2436,B,Mandalay,Member,Male,Electronic accessories,55.67,2,5.567,116.907,3/27/2019,15:08,Ewallet,111.34,4.761904762,5.567,6.0
131-15-8856,C,Naypyitaw,Member,Female,Food and beverages,72.52,8,29.008,609.168,3/30/2019,19:26,Credit card,580.16,4.761904762,29.008,4.0
273-84-2164,C,Naypyitaw,Member,Male,Electronic accessories,12.05,5,3.0125,63.2625,2/16/2019,15:53,Ewallet,60.25,4.761904762,3.0125,5.5
706-36-6154,A,Yangon,Member,Male,Home and lifestyle,19.36,9,8.712,182.952,1/18/2019,18:43,Ewallet,174.24,4.761904762,8.712,8.7
778-89-7974,C,Naypyitaw,Normal,Male,Health and beauty,70.21,6,21.063,442.323,3/30/2019,14:58,Cash,421.26,4.761904762,21.063,7.4
574-31-8277,B,Mandalay,Member,Male,Fashion accessories,33.63,1,1.6815,35.3115,3/20/2019,19:55,Cash,33.63,4.761904762,1.6815,5.6
859-71-0933,C,Naypyitaw,Member,Female,Sports and travel,15.49,2,1.549,32.529,1/16/2019,15:10,Cash,30.98,4.761904762,1.549,6.3
740-11-5257,C,Naypyitaw,Normal,Male,Electronic accessories,24.74,10,12.37,259.77,2/24/2019,16:44,Cash,247.4,4.761904762,12.37,7.1
369-82-2676,B,Mandalay,Normal,Male,Electronic accessories,75.66,5,18.915,397.215,1/15/2019,18:22,Ewallet,378.3,4.761904762,18.915,7.8
563-47-4072,B,Mandalay,Normal,Female,Health and beauty,55.81,6,16.743,351.603,1/22/2019,11:52,Cash,334.86,4.761904762,16.743,9.9
742-04-5161,A,Yangon,Member,Male,Home and lifestyle,72.78,10,36.39,764.19,2/3/2019,17:24,Cash,727.8,4.761904762,36.39,7.3
149-15-7606,B,Mandalay,Member,Male,Sports and travel,37.32,9,16.794,352.674,3/6/2019,15:31,Ewallet,335.88,4.761904762,16.794,5.1
133-77-3154,B,Mandalay,Member,Male,Fashion accessories,60.18,4,12.036,252.756,2/16/2019,18:04,Credit card,240.72,4.761904762,12.036,9.4
169-52-4504,A,Yangon,Normal,Female,Electronic accessories,15.69,3,2.3535,49.4235,3/14/2019,14:13,Credit card,47.07,4.761904762,2.3535,5.8
250-81-7186,C,Naypyitaw,Normal,Female,Electronic accessories,99.69,1,4.9845,104.6745,2/27/2019,10:23,Credit card,99.69,4.761904762,4.9845,8.0
562-12-5430,A,Yangon,Member,Female,Fashion accessories,88.15,3,13.2225,277.6725,1/18/2019,10:11,Ewallet,264.45,4.761904762,13.2225,7.9
816-72-8853,A,Yangon,Member,Female,Sports and travel,27.93,5,6.9825,146.6325,1/29/2019,15:48,Cash,139.65,4.761904762,6.9825,5.9
491-38-3499,A,Yangon,Member,Male,Fashion accessories,55.45,1,2.7725,58.2225,2/26/2019,17:46,Credit card,55.45,4.761904762,2.7725,4.9
322-02-2271,B,Mandalay,Normal,Female,Sports and travel,42.97,3,6.4455,135.3555,2/3/2019,11:46,Cash,128.91,4.761904762,6.4455,9.3
842-29-4695,C,Naypyitaw,Member,Male,Sports and travel,17.14,7,5.999,125.979,1/16/2019,12:07,Credit card,119.98,4.761904762,5.999,7.9
725-67-2480,B,Mandalay,Member,Female,Fashion accessories,58.75,6,17.625,370.125,3/24/2019,18:14,Credit card,352.5,4.761904762,17.625,5.9
641-51-2661,C,Naypyitaw,Member,Female,Food and beverages,87.1,10,43.55,914.55,2/12/2019,14:45,Credit card,871.0,4.761904762,43.55,9.9
714-02-3114,C,Naypyitaw,Normal,Female,Sports and travel,98.8,2,9.88,207.48,2/21/2019,11:39,Cash,197.6,4.761904762,9.88,7.7
518-17-2983,A,Yangon,Normal,Female,Fashion accessories,48.63,4,9.726,204.246,2/4/2019,15:44,Ewallet,194.52,4.761904762,9.726,7.6
779-42-2410,B,Mandalay,Member,Male,Food and beverages,57.74,3,8.661,181.881,2/20/2019,13:06,Ewallet,173.22,4.761904762,8.661,7.7
190-14-3147,B,Mandalay,Normal,Female,Health and beauty,17.97,4,3.594,75.474,2/23/2019,20:43,Ewallet,71.88,4.761904762,3.594,6.4
408-66-6712,C,Naypyitaw,Member,Female,Health and beauty,47.71,6,14.313,300.573,2/16/2019,14:19,Ewallet,286.26,4.761904762,14.313,4.4
679-22-6530,B,Mandalay,Normal,Female,Sports and travel,40.62,2,4.062,85.302,1/17/2019,10:01,Credit card,81.24,4.761904762,4.062,4.1
588-47-8641,A,Yangon,Member,Male,Fashion accessories,56.04,10,28.02,588.42,1/14/2019,19:30,Ewallet,560.4,4.761904762,28.02,4.4
642-61-4706,B,Mandalay,Member,Male,Food and beverages,93.4,2,9.34,196.14,3/30/2019,16:34,Cash,186.8,4.761904762,9.34,5.5
576-31-4774,B,Mandalay,Normal,Female,Health and beauty,73.41,3,11.0115,231.2415,3/2/2019,13:10,Ewallet,220.23,4.761904762,11.0115,4.0
556-41-6224,C,Naypyitaw,Normal,Male,Health and beauty,33.64,8,13.456,282.576,2/15/2019,17:10,Credit card,269.12,4.761904762,13.456,9.3
811-03-8790,A,Yangon,Normal,Female,Electronic accessories,45.48,10,22.74,477.54,3/1/2019,10:22,Credit card,454.8,4.761904762,22.74,4.8
242-11-3142,B,Mandalay,Member,Male,Fashion accessories,83.77,2,8.377,175.917,2/24/2019,19:57,Cash,167.54,4.761904762,8.377,4.6
752-23-3760,B,Mandalay,Member,Female,Sports and travel,64.08,7,22.428,470.988,2/19/2019,19:29,Credit card,448.56,4.761904762,22.428,7.3
274-05-5470,A,Yangon,Member,Female,Food and beverages,73.47,4,14.694,308.574,2/23/2019,18:30,Cash,293.88,4.761904762,14.694,6.0
648-94-3045,C,Naypyitaw,Normal,Male,Health and beauty,58.95,10,29.475,618.975,2/7/2019,14:27,Ewallet,589.5,4.761904762,29.475,8.1
130-67-4723,A,Yangon,Member,Male,Food and beverages,48.5,6,14.55,305.55,1/11/2019,13:57,Ewallet,291.0,4.761904762,14.55,9.4
528-87-5606,B,Mandalay,Member,Female,Electronic accessories,39.48,1,1.974,41.454,2/12/2019,19:43,Cash,39.48,4.761904762,1.974,6.5
320-85-2052,B,Mandalay,Normal,Female,Sports and travel,34.81,1,1.7405,36.5505,1/14/2019,10:11,Credit card,34.81,4.761904762,1.7405,7.0
370-96-0655,C,Naypyitaw,Normal,Female,Fashion accessories,49.32,6,14.796,310.716,1/9/2019,13:46,Ewallet,295.92,4.761904762,14.796,7.1
105-10-6182,A,Yangon,Member,Male,Fashion accessories,21.48,2,2.148,45.108,2/27/2019,12:22,Ewallet,42.96,4.761904762,2.148,6.6
510-79-0415,B,Mandalay,Member,Female,Sports and travel,23.08,6,6.924,145.404,1/24/2019,19:20,Ewallet,138.48,4.761904762,6.924,4.9
241-96-5076,B,Mandalay,Member,Female,Home and lifestyle,49.1,2,4.91,103.11,1/8/2019,12:58,Credit card,98.2,4.761904762,4.91,6.4
767-97-4650,B,Mandalay,Member,Female,Sports and travel,64.83,2,6.483,136.143,1/8/2019,11:59,Credit card,129.66,4.761904762,6.483,8.0
648-83-1321,A,Yangon,Member,Male,Home and lifestyle,63.56,10,31.78,667.38,1/16/2019,17:59,Cash,635.6,4.761904762,31.78,4.3
173-57-2300,C,Naypyitaw,Member,Male,Sports and travel,72.88,2,7.288,153.048,3/13/2019,12:51,Cash,145.76,4.761904762,7.288,6.1
305-03-2383,A,Yangon,Normal,Female,Food and beverages,67.1,3,10.065,211.365,2/15/2019,10:36,Cash,201.3,4.761904762,10.065,7.5
394-55-6384,C,Naypyitaw,Member,Female,Sports and travel,70.19,9,31.5855,663.2955,1/25/2019,13:38,Cash,631.71,4.761904762,31.5855,6.7
266-20-6657,C,Naypyitaw,Member,Male,Food and beverages,55.04,7,19.264,404.544,3/12/2019,19:39,Ewallet,385.28,4.761904762,19.264,5.2
689-05-1884,A,Yangon,Member,Male,Health and beauty,48.63,10,24.315,510.615,3/4/2019,12:44,Cash,486.3,4.761904762,24.315,8.8
196-01-2849,C,Naypyitaw,Member,Female,Fashion accessories,73.38,7,25.683,539.343,2/10/2019,13:56,Cash,513.66,4.761904762,25.683,9.5
372-62-5264,C,Naypyitaw,Normal,Female,Food and beverages,52.6,9,23.67,497.07,1/16/2019,14:42,Cash,473.4,4.761904762,23.67,7.6
800-09-8606,A,Yangon,Member,Female,Home and lifestyle,87.37,5,21.8425,458.6925,1/29/2019,19:45,Cash,436.85,4.761904762,21.8425,6.6
182-52-7000,A,Yangon,Member,Female,Sports and travel,27.04,4,5.408,113.568,1/1/2019,20:26,Ewallet,108.16,4.761904762,5.408,6.9
826-58-8051,B,Mandalay,Normal,Male,Home and lifestyle,62.19,4,12.438,261.198,1/6/2019,19:46,Ewallet,248.76,4.761904762,12.438,4.3
868-06-0466,A,Yangon,Member,Male,Electronic accessories,69.58,9,31.311,657.531,2/19/2019,19:38,Credit card,626.22,4.761904762,31.311,7.8
751-41-9720,C,Naypyitaw,Normal,Male,Home and lifestyle,97.5,10,48.75,1023.75,1/12/2019,16:18,Ewallet,975.0,4.761904762,48.75,8.0
626-43-7888,C,Naypyitaw,Normal,Female,Fashion accessories,60.41,8,24.164,507.444,2/7/2019,12:23,Ewallet,483.28,4.761904762,24.164,9.6
176-64-7711,B,Mandalay,Normal,Male,Food and beverages,32.32,3,4.848,101.808,3/27/2019,19:11,Credit card,96.96,4.761904762,4.848,4.3
191-29-0321,B,Mandalay,Member,Female,Fashion accessories,19.77,10,9.885,207.585,2/27/2019,18:57,Credit card,197.7,4.761904762,9.885,5.0
729-06-2010,B,Mandalay,Member,Male,Health and beauty,80.47,9,36.2115,760.4415,1/6/2019,11:18,Cash,724.23,4.761904762,36.2115,9.2
640-48-5028,B,Mandalay,Member,Female,Home and lifestyle,88.39,9,39.7755,835.2855,3/2/2019,12:40,Cash,795.51,4.761904762,39.7755,6.3
186-79-9562,B,Mandalay,Normal,Male,Health and beauty,71.77,7,25.1195,527.5095,3/29/2019,14:06,Cash,502.39,4.761904762,25.1195,8.9
834-45-5519,B,Mandalay,Normal,Female,Electronic accessories,43.0,4,8.6,180.6,1/31/2019,20:48,Ewallet,172.0,4.761904762,8.6,7.6
162-65-8559,C,Naypyitaw,Member,Male,Food and beverages,68.98,1,3.449,72.429,1/21/2019,20:13,Cash,68.98,4.761904762,3.449,4.8
760-27-5490,C,Naypyitaw,Normal,Male,Fashion accessories,15.62,8,6.248,131.208,1/20/2019,20:37,Ewallet,124.96,4.761904762,6.248,9.1
445-30-9252,A,Yangon,Normal,Male,Sports and travel,25.7,3,3.855,80.955,1/17/2019,17:59,Ewallet,77.1,4.761904762,3.855,6.1
786-94-2700,A,Yangon,Member,Male,Food and beverages,80.62,6,24.186,507.906,2/28/2019,20:18,Cash,483.72,4.761904762,24.186,9.1
728-88-7867,C,Naypyitaw,Member,Female,Home and lifestyle,75.53,4,15.106,317.226,3/19/2019,15:52,Ewallet,302.12,4.761904762,15.106,8.3
183-21-3799,C,Naypyitaw,Normal,Female,Electronic accessories,77.63,9,34.9335,733.6035,2/19/2019,15:14,Ewallet,698.67,4.761904762,34.9335,7.2
268-20-3585,C,Naypyitaw,Normal,Female,Health and beauty,13.85,9,6.2325,130.8825,2/4/2019,12:50,Ewallet,124.65,4.761904762,6.2325,6.0
735-32-9839,C,Naypyitaw,Member,Male,Fashion accessories,98.7,8,39.48,829.08,1/31/2019,10:36,Ewallet,789.6,4.761904762,39.48,8.5
258-92-7466,A,Yangon,Normal,Female,Health and beauty,35.68,5,8.92,187.32,2/6/2019,18:33,Credit card,178.4,4.761904762,8.92,6.6
857-16-3520,A,Yangon,Member,Female,Fashion accessories,71.46,7,25.011,525.231,3/28/2019,16:06,Ewallet,500.22,4.761904762,25.011,4.5
482-17-1179,A,Yangon,Member,Male,Electronic accessories,11.94,3,1.791,37.611,1/19/2019,12:47,Credit card,35.82,4.761904762,1.791,8.1
788-21-5741,A,Yangon,Normal,Male,Fashion accessories,45.38,3,6.807,142.947,2/17/2019,13:34,Credit card,136.14,4.761904762,6.807,7.2
821-14-9046,B,Mandalay,Member,Female,Fashion accessories,17.48,6,5.244,110.124,1/18/2019,15:04,Credit card,104.88,4.761904762,5.244,6.1
418-05-0656,B,Mandalay,Normal,Female,Fashion accessories,25.56,7,8.946,187.866,2/2/2019,20:42,Cash,178.92,4.761904762,8.946,7.1
678-79-0726,C,Naypyitaw,Member,Female,Sports and travel,90.63,9,40.7835,856.4535,1/18/2019,15:28,Cash,815.67,4.761904762,40.7835,5.1
776-68-1096,B,Mandalay,Normal,Male,Home and lifestyle,44.12,3,6.618,138.978,3/18/2019,13:45,Credit card,132.36,4.761904762,6.618,7.9
592-46-1692,C,Naypyitaw,Member,Female,Food and beverages,36.77,7,12.8695,270.2595,1/11/2019,20:10,Cash,257.39,4.761904762,12.8695,7.4
434-35-9162,B,Mandalay,Member,Male,Food and beverages,23.34,4,4.668,98.028,2/4/2019,18:53,Ewallet,93.36,4.761904762,4.668,7.4
149-14-0304,C,Naypyitaw,Member,Female,Health and beauty,28.5,8,11.4,239.4,2/6/2019,14:24,Cash,228.0,4.761904762,11.4,6.6
442-44-6497,C,Naypyitaw,Member,Male,Home and lifestyle,55.57,3,8.3355,175.0455,1/8/2019,11:42,Credit card,166.71,4.761904762,8.3355,5.9
174-64-0215,B,Mandalay,Normal,Male,Sports and travel,69.74,10,34.87,732.27,3/5/2019,17:49,Credit card,697.4,4.761904762,34.87,8.9
210-74-9613,C,Naypyitaw,Normal,Male,Fashion accessories,97.26,4,19.452,408.492,3/16/2019,15:33,Ewallet,389.04,4.761904762,19.452,6.8
299-29-0180,B,Mandalay,Member,Female,Home and lifestyle,52.18,7,18.263,383.523,3/9/2019,10:54,Cash,365.26,4.761904762,18.263,9.3
247-11-2470,A,Yangon,Member,Female,Fashion accessories,22.32,4,4.464,93.744,3/1/2019,16:23,Credit card,89.28,4.761904762,4.464,4.4
635-28-5728,A,Yangon,Normal,Male,Health and beauty,56.0,3,8.4,176.4,2/28/2019,19:33,Ewallet,168.0,4.761904762,8.4,4.8
756-49-0168,A,Yangon,Member,Male,Fashion accessories,19.7,1,0.985,20.685,2/8/2019,11:39,Ewallet,19.7,4.761904762,0.985,9.5
438-23-1242,B,Mandalay,Normal,Male,Electronic accessories,75.88,7,26.558,557.718,1/24/2019,10:38,Ewallet,531.16,4.761904762,26.558,8.9
238-45-6950,B,Mandalay,Member,Male,Food and beverages,53.72,1,2.686,56.406,3/1/2019,20:03,Ewallet,53.72,4.761904762,2.686,6.4
607-65-2441,C,Naypyitaw,Member,Male,Health and beauty,81.95,10,40.975,860.475,3/10/2019,12:39,Credit card,819.5,4.761904762,40.975,6.0
386-27-7606,C,Naypyitaw,Member,Female,Home and lifestyle,81.2,7,28.42,596.82,3/23/2019,15:59,Credit card,568.4,4.761904762,28.42,8.1
137-63-5492,C,Naypyitaw,Normal,Male,Electronic accessories,58.76,10,29.38,616.98,1/29/2019,14:26,Ewallet,587.6,4.761904762,29.38,9.0
197-77-7132,B,Mandalay,Member,Male,Electronic accessories,91.56,8,36.624,769.104,1/12/2019,18:22,Ewallet,732.48,4.761904762,36.624,6.0
805-86-0265,A,Yangon,Normal,Male,Home and lifestyle,93.96,9,42.282,887.922,3/20/2019,11:32,Cash,845.64,4.761904762,42.282,9.8
733-29-1227,C,Naypyitaw,Normal,Male,Home and lifestyle,55.61,7,19.4635,408.7335,3/23/2019,12:41,Cash,389.27,4.761904762,19.4635,8.5
451-73-2711,C,Naypyitaw,Normal,Male,Food and beverages,84.83,1,4.2415,89.0715,1/14/2019,15:20,Ewallet,84.83,4.761904762,4.2415,8.8
373-14-0504,A,Yangon,Member,Female,Sports and travel,71.63,2,7.163,150.423,2/12/2019,14:33,Ewallet,143.26,4.761904762,7.163,8.8
546-80-2899,A,Yangon,Member,Male,Home and lifestyle,37.69,2,3.769,79.149,2/20/2019,15:29,Ewallet,75.38,4.761904762,3.769,9.5
345-68-9016,C,Naypyitaw,Member,Female,Sports and travel,31.67,8,12.668,266.028,1/2/2019,16:19,Credit card,253.36,4.761904762,12.668,5.6
390-17-5806,C,Naypyitaw,Member,Female,Food and beverages,38.42,1,1.921,40.341,2/2/2019,16:33,Cash,38.42,4.761904762,1.921,8.6
457-13-1708,B,Mandalay,Member,Male,Fashion accessories,65.23,10,32.615,684.915,1/8/2019,19:07,Credit card,652.3,4.761904762,32.615,5.2
664-14-2882,C,Naypyitaw,Member,Female,Home and lifestyle,10.53,5,2.6325,55.2825,1/30/2019,14:43,Credit card,52.65,4.761904762,2.6325,5.8
487-79-6868,B,Mandalay,Member,Female,Home and lifestyle,12.29,9,5.5305,116.1405,3/26/2019,19:28,Credit card,110.61,4.761904762,5.5305,8.0
314-23-4520,C,Naypyitaw,Member,Male,Health and beauty,81.23,7,28.4305,597.0405,1/15/2019,20:44,Cash,568.61,4.761904762,28.4305,9.0
210-30-7976,B,Mandalay,Member,Female,Fashion accessories,22.32,4,4.464,93.744,3/14/2019,11:16,Ewallet,89.28,4.761904762,4.464,4.1
585-86-8361,A,Yangon,Normal,Female,Food and beverages,27.28,5,6.82,143.22,2/3/2019,10:31,Credit card,136.4,4.761904762,6.82,8.6
807-14-7833,A,Yangon,Member,Female,Electronic accessories,17.42,10,8.71,182.91,2/22/2019,12:30,Ewallet,174.2,4.761904762,8.71,7.0
775-72-1988,B,Mandalay,Normal,Male,Home and lifestyle,73.28,5,18.32,384.72,1/24/2019,15:05,Ewallet,366.4,4.761904762,18.32,8.4
288-38-3758,C,Naypyitaw,Member,Female,Fashion accessories,84.87,3,12.7305,267.3405,1/25/2019,18:30,Ewallet,254.61,4.761904762,12.7305,7.4
652-43-6591,A,Yangon,Normal,Female,Fashion accessories,97.29,8,38.916,817.236,3/9/2019,13:18,Credit card,778.32,4.761904762,38.916,6.2
785-96-0615,B,Mandalay,Member,Female,Electronic accessories,35.74,8,14.296,300.216,2/17/2019,15:28,Ewallet,285.92,4.761904762,14.296,4.9
406-46-7107,A,Yangon,Normal,Female,Home and lifestyle,96.52,6,28.956,608.076,1/11/2019,11:52,Cash,579.12,4.761904762,28.956,4.5
250-17-5703,A,Yangon,Member,Male,Food and beverages,18.85,10,9.425,197.925,2/27/2019,18:24,Ewallet,188.5,4.761904762,9.425,5.6
156-95-3964,A,Yangon,Normal,Female,Food and beverages,55.39,4,11.078,232.638,3/25/2019,15:19,Ewallet,221.56,4.761904762,11.078,8.0
842-40-8179,B,Mandalay,Member,Female,Food and beverages,77.2,10,38.6,810.6,2/11/2019,10:38,Credit card,772.0,4.761904762,38.6,5.6
525-09-8450,B,Mandalay,Normal,Male,Electronic accessories,72.13,10,36.065,757.365,1/31/2019,15:12,Credit card,721.3,4.761904762,36.065,4.2
410-67-1709,A,Yangon,Member,Female,Fashion accessories,63.88,8,25.552,536.592,1/20/2019,17:48,Ewallet,511.04,4.761904762,25.552,9.9
587-73-4862,A,Yangon,Member,Female,Health and beauty,10.69,5,2.6725,56.1225,3/26/2019,11:07,Ewallet,53.45,4.761904762,2.6725,7.6
787-87-2010,A,Yangon,Member,Male,Health and beauty,55.5,4,11.1,233.1,1/20/2019,15:48,Credit card,222.0,4.761904762,11.1,6.6
593-14-4239,B,Mandalay,Normal,Female,Home and lifestyle,95.46,8,38.184,801.864,3/5/2019,19:40,Ewallet,763.68,4.761904762,38.184,4.7
801-88-0346,C,Naypyitaw,Normal,Female,Fashion accessories,76.06,3,11.409,239.589,1/5/2019,20:30,Credit card,228.18,4.761904762,11.409,9.8
388-76-2555,B,Mandalay,Normal,Male,Sports and travel,13.69,6,4.107,86.247,2/13/2019,13:59,Cash,82.14,4.761904762,4.107,6.3
711-31-1234,B,Mandalay,Normal,Female,Electronic accessories,95.64,4,19.128,401.688,3/16/2019,18:51,Cash,382.56,4.761904762,19.128,7.9
886-54-6089,A,Yangon,Normal,Female,Home and lifestyle,11.43,6,3.429,72.009,1/15/2019,17:24,Cash,68.58,4.761904762,3.429,7.7
707-32-7409,B,Mandalay,Member,Female,Sports and travel,95.54,4,19.108,401.268,2/26/2019,11:58,Ewallet,382.16,4.761904762,19.108,4.5
759-98-4285,C,Naypyitaw,Member,Female,Health and beauty,85.87,7,30.0545,631.1445,2/27/2019,19:01,Credit card,601.09,4.761904762,30.0545,8.0
201-63-8275,C,Naypyitaw,Member,Female,Sports and travel,67.99,7,23.7965,499.7265,2/17/2019,16:50,Ewallet,475.93,4.761904762,23.7965,5.7
471-06-8611,C,Naypyitaw,Normal,Female,Food and beverages,52.42,1,2.621,55.041,2/6/2019,10:22,Credit card,52.42,4.761904762,2.621,6.3
200-16-5952,C,Naypyitaw,Member,Male,Food and beverages,65.65,2,6.565,137.865,1/17/2019,16:46,Cash,131.3,4.761904762,6.565,6.0
120-54-2248,B,Mandalay,Normal,Female,Food and beverages,28.86,5,7.215,151.515,1/22/2019,18:08,Credit card,144.3,4.761904762,7.215,8.0
102-77-2261,C,Naypyitaw,Member,Male,Health and beauty,65.31,7,22.8585,480.0285,3/5/2019,18:02,Credit card,457.17,4.761904762,22.8585,4.2
875-31-8302,B,Mandalay,Normal,Male,Sports and travel,93.38,1,4.669,98.049,1/3/2019,13:07,Cash,93.38,4.761904762,4.669,9.6
102-06-2002,C,Naypyitaw,Member,Male,Sports and travel,25.25,5,6.3125,132.5625,3/20/2019,17:52,Cash,126.25,4.761904762,6.3125,6.1
457-94-0464,B,Mandalay,Member,Male,Electronic accessories,87.87,9,39.5415,830.3715,1/31/2019,20:32,Ewallet,790.83,4.761904762,39.5415,5.6
629-42-4133,C,Naypyitaw,Normal,Male,Health and beauty,21.8,8,8.72,183.12,2/19/2019,19:24,Cash,174.4,4.761904762,8.72,8.3
534-53-3526,A,Yangon,Normal,Female,Sports and travel,94.76,4,18.952,397.992,2/11/2019,16:06,Ewallet,379.04,4.761904762,18.952,7.8
307-04-2070,A,Yangon,Member,Female,Fashion accessories,30.62,1,1.531,32.151,2/5/2019,14:14,Credit card,30.62,4.761904762,1.531,4.1
468-99-7231,C,Naypyitaw,Normal,Female,Home and lifestyle,44.01,8,17.604,369.684,3/3/2019,17:36,Cash,352.08,4.761904762,17.604,8.8
516-77-6464,C,Naypyitaw,Member,Female,Health and beauty,10.16,5,2.54,53.34,2/24/2019,13:08,Ewallet,50.8,4.761904762,2.54,4.1
404-91-5964,A,Yangon,Normal,Male,Electronic accessories,74.58,7,26.103,548.163,2/4/2019,16:09,Credit card,522.06,4.761904762,26.103,9.0
886-77-9084,C,Naypyitaw,Normal,Male,Electronic accessories,71.89,8,28.756,603.876,2/19/2019,11:33,Ewallet,575.12,4.761904762,28.756,5.5
790-38-4466,C,Naypyitaw,Normal,Female,Health and beauty,10.99,5,2.7475,57.6975,1/23/2019,10:18,Credit card,54.95,4.761904762,2.7475,9.3
704-10-4056,C,Naypyitaw,Member,Male,Health and beauty,60.47,3,9.0705,190.4805,1/14/2019,10:55,Credit card,181.41,4.761904762,9.0705,5.6
497-37-6538,A,Yangon,Normal,Male,Sports and travel,58.91,7,20.6185,432.9885,1/17/2019,15:15,Ewallet,412.37,4.761904762,20.6185,9.7
651-96-5970,A,Yangon,Normal,Male,Fashion accessories,46.41,1,2.3205,48.7305,3/3/2019,20:06,Credit card,46.41,4.761904762,2.3205,4.0
400-80-4065,C,Naypyitaw,Member,Male,Health and beauty,68.55,4,13.71,287.91,2/15/2019,20:21,Credit card,274.2,4.761904762,13.71,9.2
744-16-7898,B,Mandalay,Normal,Female,Home and lifestyle,97.37,10,48.685,1022.385,1/15/2019,13:48,Credit card,973.7,4.761904762,48.685,4.9
263-12-5321,A,Yangon,Member,Male,Electronic accessories,92.6,7,32.41,680.61,2/27/2019,12:52,Credit card,648.2,4.761904762,32.41,9.3
702-72-0487,A,Yangon,Normal,Female,Electronic accessories,46.61,2,4.661,97.881,2/26/2019,12:28,Credit card,93.22,4.761904762,4.661,6.6
605-83-1050,B,Mandalay,Normal,Male,Fashion accessories,27.18,2,2.718,57.078,3/15/2019,16:26,Ewallet,54.36,4.761904762,2.718,4.3
443-60-9639,C,Naypyitaw,Member,Female,Home and lifestyle,60.87,1,3.0435,63.9135,1/24/2019,13:24,Cash,60.87,4.761904762,3.0435,5.5
864-24-7918,A,Yangon,Member,Female,Sports and travel,24.49,10,12.245,257.145,2/22/2019,15:15,Cash,244.9,4.761904762,12.245,8.1
359-94-5395,B,Mandalay,Normal,Male,Health and beauty,92.78,1,4.639,97.419,3/15/2019,10:50,Credit card,92.78,4.761904762,4.639,9.8
401-09-4232,C,Naypyitaw,Member,Male,Home and lifestyle,86.69,5,21.6725,455.1225,2/11/2019,18:38,Ewallet,433.45,4.761904762,21.6725,9.4
751-15-6198,B,Mandalay,Normal,Male,Sports and travel,23.01,6,6.903,144.963,1/12/2019,16:45,Ewallet,138.06,4.761904762,6.903,7.9
324-41-6833,C,Naypyitaw,Member,Female,Electronic accessories,30.2,8,12.08,253.68,3/3/2019,19:30,Ewallet,241.6,4.761904762,12.08,5.1
474-33-8305,C,Naypyitaw,Member,Male,Fashion accessories,67.39,7,23.5865,495.3165,3/23/2019,13:23,Ewallet,471.73,4.761904762,23.5865,6.9
759-29-9521,A,Yangon,Member,Female,Fashion accessories,48.96,9,22.032,462.672,3/4/2019,11:27,Cash,440.64,4.761904762,22.032,8.0
831-81-6575,B,Mandalay,Member,Female,Electronic accessories,75.59,9,34.0155,714.3255,2/23/2019,11:12,Cash,680.31,4.761904762,34.0155,8.0
220-68-6701,A,Yangon,Normal,Female,Home and lifestyle,77.47,4,15.494,325.374,3/17/2019,16:36,Cash,309.88,4.761904762,15.494,4.2
618-34-8551,A,Yangon,Normal,Female,Sports and travel,93.18,2,9.318,195.678,1/16/2019,18:41,Credit card,186.36,4.761904762,9.318,8.5
257-60-7754,A,Yangon,Normal,Female,Electronic accessories,50.23,4,10.046,210.966,1/8/2019,17:12,Cash,200.92,4.761904762,10.046,9.0
559-61-5987,B,Mandalay,Normal,Female,Health and beauty,17.75,1,0.8875,18.6375,1/14/2019,10:38,Cash,17.75,4.761904762,0.8875,8.6
189-55-2313,C,Naypyitaw,Normal,Female,Fashion accessories,62.18,10,31.09,652.89,1/31/2019,10:33,Ewallet,621.8,4.761904762,31.09,6.0
565-91-4567,B,Mandalay,Normal,Male,Health and beauty,10.75,8,4.3,90.3,3/15/2019,14:38,Ewallet,86.0,4.761904762,4.3,6.2
380-60-5336,A,Yangon,Normal,Female,Electronic accessories,40.26,10,20.13,422.73,2/24/2019,18:06,Credit card,402.6,4.761904762,20.13,5.0
815-04-6282,C,Naypyitaw,Member,Female,Sports and travel,64.97,5,16.2425,341.0925,2/8/2019,12:52,Credit card,324.85,4.761904762,16.2425,6.5
674-56-6360,A,Yangon,Normal,Male,Electronic accessories,95.15,1,4.7575,99.9075,3/22/2019,14:00,Cash,95.15,4.761904762,4.7575,6.0
778-34-2523,A,Yangon,Member,Female,Electronic accessories,48.62,8,19.448,408.408,1/24/2019,10:57,Cash,388.96,4.761904762,19.448,5.0
499-27-7781,B,Mandalay,Normal,Female,Food and beverages,53.21,8,21.284,446.964,3/14/2019,16:45,Ewallet,425.68,4.761904762,21.284,5.0
477-59-2456,C,Naypyitaw,Normal,Female,Fashion accessories,45.44,7,15.904,333.984,1/23/2019,11:15,Cash,318.08,4.761904762,15.904,9.2
832-51-6761,A,Yangon,Normal,Male,Food and beverages,33.88,8,13.552,284.592,1/19/2019,20:29,Ewallet,271.04,4.761904762,13.552,9.6
869-11-3082,B,Mandalay,Member,Male,Health and beauty,96.16,4,19.232,403.872,1/27/2019,20:03,Credit card,384.64,4.761904762,19.232,8.4
190-59-3964,B,Mandalay,Member,Male,Food and beverages,47.16,5,11.79,247.59,2/3/2019,14:35,Credit card,235.8,4.761904762,11.79,6.0
366-43-6862,B,Mandalay,Normal,Male,Electronic accessories,52.89,4,10.578,222.138,3/25/2019,16:32,Ewallet,211.56,4.761904762,10.578,6.7
186-43-8965,A,Yangon,Member,Female,Home and lifestyle,47.68,2,4.768,100.128,2/24/2019,10:10,Credit card,95.36,4.761904762,4.768,4.1
784-21-9238,C,Naypyitaw,Member,Male,Sports and travel,10.17,1,0.5085,10.6785,2/7/2019,14:15,Cash,10.17,4.761904762,0.5085,5.9
276-75-6884,A,Yangon,Normal,Female,Health and beauty,68.71,3,10.3065,216.4365,3/4/2019,10:05,Cash,206.13,4.761904762,10.3065,8.7
109-86-4363,B,Mandalay,Member,Female,Sports and travel,60.08,7,21.028,441.588,2/14/2019,11:36,Credit card,420.56,4.761904762,21.028,4.5
569-76-2760,A,Yangon,Member,Female,Sports and travel,22.01,4,4.402,92.442,1/29/2019,18:15,Credit card,88.04,4.761904762,4.402,6.6
222-42-0244,B,Mandalay,Member,Female,Health and beauty,72.11,9,32.4495,681.4395,1/28/2019,13:53,Credit card,648.99,4.761904762,32.4495,7.7
760-53-9233,A,Yangon,Member,Male,Fashion accessories,41.28,3,6.192,130.032,3/26/2019,18:37,Credit card,123.84,4.761904762,6.192,8.5
538-22-0304,C,Naypyitaw,Normal,Male,Electronic accessories,64.95,10,32.475,681.975,3/24/2019,18:27,Cash,649.5,4.761904762,32.475,5.2
416-17-9926,A,Yangon,Member,Female,Electronic accessories,74.22,10,37.11,779.31,1/1/2019,14:42,Credit card,742.2,4.761904762,37.11,4.3
237-44-6163,A,Yangon,Normal,Male,Electronic accessories,10.56,8,4.224,88.704,1/24/2019,17:43,Cash,84.48,4.761904762,4.224,7.6
636-17-0325,B,Mandalay,Normal,Male,Health and beauty,62.57,4,12.514,262.794,2/25/2019,18:37,Cash,250.28,4.761904762,12.514,9.5
343-75-9322,B,Mandalay,Member,Female,Sports and travel,11.85,8,4.74,99.54,1/9/2019,16:34,Cash,94.8,4.761904762,4.74,4.1
528-14-9470,A,Yangon,Member,Male,Health and beauty,91.3,1,4.565,95.865,2/14/2019,14:42,Ewallet,91.3,4.761904762,4.565,9.2
427-45-9297,B,Mandalay,Member,Female,Home and lifestyle,40.73,7,14.2555,299.3655,3/12/2019,11:01,Ewallet,285.11,4.761904762,14.2555,5.4
807-34-3742,A,Yangon,Normal,Male,Fashion accessories,52.38,1,2.619,54.999,3/26/2019,19:44,Cash,52.38,4.761904762,2.619,5.8
288-62-1085,A,Yangon,Member,Male,Fashion accessories,38.54,5,9.635,202.335,1/9/2019,13:34,Ewallet,192.7,4.761904762,9.635,5.6
670-71-7306,B,Mandalay,Normal,Male,Sports and travel,44.63,6,13.389,281.169,1/2/2019,20:08,Credit card,267.78,4.761904762,13.389,5.1
660-29-7083,C,Naypyitaw,Normal,Male,Electronic accessories,55.87,10,27.935,586.635,1/15/2019,15:01,Cash,558.7,4.761904762,27.935,5.8
271-77-8740,C,Naypyitaw,Member,Female,Sports and travel,29.22,6,8.766,184.086,1/1/2019,11:40,Ewallet,175.32,4.761904762,8.766,5.0
497-36-0989,A,Yangon,Normal,Male,Fashion accessories,51.94,3,7.791,163.611,2/15/2019,15:21,Cash,155.82,4.761904762,7.791,7.9
291-59-1384,B,Mandalay,Normal,Male,Electronic accessories,60.3,1,3.015,63.315,2/28/2019,17:38,Cash,60.3,4.761904762,3.015,6.0
860-73-6466,A,Yangon,Member,Female,Sports and travel,39.47,2,3.947,82.887,3/2/2019,16:16,Credit card,78.94,4.761904762,3.947,5.0
549-23-9016,C,Naypyitaw,Member,Female,Food and beverages,14.87,2,1.487,31.227,2/13/2019,18:15,Credit card,29.74,4.761904762,1.487,8.9
896-34-0956,A,Yangon,Normal,Male,Fashion accessories,21.32,1,1.066,22.386,1/26/2019,12:43,Cash,21.32,4.761904762,1.066,5.9
804-38-3935,A,Yangon,Member,Male,Electronic accessories,93.78,3,14.067,295.407,1/30/2019,11:32,Credit card,281.34,4.761904762,14.067,5.9
585-90-0249,A,Yangon,Member,Male,Electronic accessories,73.26,1,3.663,76.923,1/27/2019,18:08,Ewallet,73.26,4.761904762,3.663,9.7
862-29-5914,C,Naypyitaw,Normal,Female,Sports and travel,22.38,1,1.119,23.499,1/30/2019,17:08,Credit card,22.38,4.761904762,1.119,8.6
845-94-6841,C,Naypyitaw,Member,Female,Food and beverages,72.88,9,32.796,688.716,1/8/2019,19:38,Cash,655.92,4.761904762,32.796,4.0
125-45-2293,A,Yangon,Normal,Female,Fashion accessories,99.1,6,29.73,624.33,1/19/2019,13:11,Cash,594.6,4.761904762,29.73,4.2
843-73-4724,A,Yangon,Normal,Male,Fashion accessories,74.1,1,3.705,77.805,1/25/2019,11:05,Cash,74.1,4.761904762,3.705,9.2
409-33-9708,A,Yangon,Normal,Female,Fashion accessories,98.48,2,9.848,206.808,2/19/2019,10:12,Ewallet,196.96,4.761904762,9.848,9.2
658-66-3967,C,Naypyitaw,Normal,Male,Health and beauty,53.19,7,18.6165,390.9465,1/14/2019,15:42,Ewallet,372.33,4.761904762,18.6165,5.0
866-70-2814,B,Mandalay,Normal,Female,Electronic accessories,52.79,10,26.395,554.295,2/25/2019,11:58,Ewallet,527.9,4.761904762,26.395,10.0
160-22-2687,A,Yangon,Member,Female,Health and beauty,95.95,5,23.9875,503.7375,1/23/2019,14:21,Ewallet,479.75,4.761904762,23.9875,8.8
895-03-6665,B,Mandalay,Normal,Female,Fashion accessories,36.51,9,16.4295,345.0195,2/16/2019,10:52,Cash,328.59,4.761904762,16.4295,4.2
770-42-8960,B,Mandalay,Normal,Male,Food and beverages,21.12,8,8.448,177.408,1/1/2019,19:31,Cash,168.96,4.761904762,8.448,6.3
748-45-2862,A,Yangon,Member,Female,Home and lifestyle,28.31,4,5.662,118.902,3/7/2019,18:35,Cash,113.24,4.761904762,5.662,8.2
234-36-2483,B,Mandalay,Normal,Male,Health and beauty,57.59,6,17.277,362.817,2/15/2019,13:51,Cash,345.54,4.761904762,17.277,5.1
316-66-3011,A,Yangon,Member,Female,Food and beverages,47.63,9,21.4335,450.1035,1/23/2019,12:35,Cash,428.67,4.761904762,21.4335,5.0
848-95-6252,C,Naypyitaw,Member,Female,Home and lifestyle,86.27,1,4.3135,90.5835,2/20/2019,13:24,Ewallet,86.27,4.761904762,4.3135,7.0
840-76-5966,A,Yangon,Member,Male,Sports and travel,12.76,2,1.276,26.796,1/8/2019,18:06,Ewallet,25.52,4.761904762,1.276,7.8
152-03-4217,B,Mandalay,Normal,Female,Home and lifestyle,11.28,9,5.076,106.596,3/17/2019,11:55,Credit card,101.52,4.761904762,5.076,4.3
533-66-5566,B,Mandalay,Normal,Female,Home and lifestyle,51.07,7,17.8745,375.3645,1/12/2019,11:42,Cash,357.49,4.761904762,17.8745,7.0
124-31-1458,A,Yangon,Member,Female,Electronic accessories,79.59,3,11.9385,250.7085,1/8/2019,14:30,Cash,238.77,4.761904762,11.9385,6.6
176-78-1170,C,Naypyitaw,Member,Male,Health and beauty,33.81,3,5.0715,106.5015,1/26/2019,15:11,Ewallet,101.43,4.761904762,5.0715,7.3
361-59-0574,B,Mandalay,Member,Male,Sports and travel,90.53,8,36.212,760.452,3/15/2019,14:48,Credit card,724.24,4.761904762,36.212,6.5
101-81-4070,C,Naypyitaw,Member,Female,Health and beauty,62.82,2,6.282,131.922,1/17/2019,12:36,Ewallet,125.64,4.761904762,6.282,4.9
631-34-1880,C,Naypyitaw,Member,Male,Food and beverages,24.31,3,3.6465,76.5765,1/8/2019,19:09,Credit card,72.93,4.761904762,3.6465,4.3
852-82-2749,A,Yangon,Normal,Male,Sports and travel,64.59,4,12.918,271.278,1/6/2019,13:35,Ewallet,258.36,4.761904762,12.918,9.3
873-14-6353,A,Yangon,Member,Male,Food and beverages,24.82,7,8.687,182.427,2/16/2019,10:33,Credit card,173.74,4.761904762,8.687,7.1
584-66-4073,C,Naypyitaw,Normal,Male,Fashion accessories,56.5,1,2.825,59.325,3/13/2019,15:45,Ewallet,56.5,4.761904762,2.825,9.6
544-55-9589,B,Mandalay,Member,Female,Electronic accessories,21.43,10,10.715,225.015,1/28/2019,11:51,Cash,214.3,4.761904762,10.715,6.2
166-19-2553,A,Yangon,Member,Male,Sports and travel,89.06,6,26.718,561.078,1/18/2019,17:26,Cash,534.36,4.761904762,26.718,9.9
737-88-5876,A,Yangon,Member,Male,Home and lifestyle,23.29,4,4.658,97.818,3/19/2019,11:52,Credit card,93.16,4.761904762,4.658,5.9
154-87-7367,C,Naypyitaw,Normal,Male,Home and lifestyle,65.26,8,26.104,548.184,3/15/2019,14:04,Ewallet,522.08,4.761904762,26.104,6.3
885-56-0389,C,Naypyitaw,Member,Male,Fashion accessories,52.35,1,2.6175,54.9675,2/12/2019,17:49,Cash,52.35,4.761904762,2.6175,4.0
608-05-3804,B,Mandalay,Member,Male,Electronic accessories,39.75,1,1.9875,41.7375,2/25/2019,20:19,Cash,39.75,4.761904762,1.9875,6.1
448-61-3783,A,Yangon,Normal,Female,Electronic accessories,90.02,8,36.008,756.168,3/21/2019,16:08,Credit card,720.16,4.761904762,36.008,4.5
761-49-0439,B,Mandalay,Member,Female,Electronic accessories,12.1,8,4.84,101.64,1/19/2019,10:17,Ewallet,96.8,4.761904762,4.84,8.6
490-95-0021,B,Mandalay,Member,Female,Food and beverages,33.21,10,16.605,348.705,1/8/2019,14:25,Ewallet,332.1,4.761904762,16.605,6.0
115-38-7388,C,Naypyitaw,Member,Female,Fashion accessories,10.18,8,4.072,85.512,3/30/2019,12:51,Credit card,81.44,4.761904762,4.072,9.5
311-13-6971,B,Mandalay,Member,Male,Sports and travel,31.99,10,15.995,335.895,2/20/2019,15:18,Credit card,319.9,4.761904762,15.995,9.9
291-55-6563,A,Yangon,Member,Female,Home and lifestyle,34.42,6,10.326,216.846,3/30/2019,12:45,Ewallet,206.52,4.761904762,10.326,7.5
548-48-3156,A,Yangon,Member,Female,Food and beverages,83.34,2,8.334,175.014,3/19/2019,13:37,Cash,166.68,4.761904762,8.334,7.6
460-93-5834,A,Yangon,Normal,Male,Sports and travel,45.58,7,15.953,335.013,1/13/2019,10:03,Cash,319.06,4.761904762,15.953,5.0
325-89-4209,A,Yangon,Member,Male,Food and beverages,87.9,1,4.395,92.295,2/5/2019,19:42,Ewallet,87.9,4.761904762,4.395,6.7
884-80-6021,A,Yangon,Member,Female,Electronic accessories,73.47,10,36.735,771.435,3/23/2019,13:14,Ewallet,734.7,4.761904762,36.735,9.5
137-74-8729,C,Naypyitaw,Normal,Female,Fashion accessories,12.19,8,4.876,102.396,3/13/2019,12:47,Ewallet,97.52,4.761904762,4.876,6.8
880-46-5796,A,Yangon,Member,Male,Sports and travel,76.92,10,38.46,807.66,3/17/2019,19:53,Ewallet,769.2,4.761904762,38.46,5.6
389-70-2397,C,Naypyitaw,Normal,Female,Health and beauty,83.66,5,20.915,439.215,2/21/2019,10:26,Cash,418.3,4.761904762,20.915,7.2
114-35-5271,B,Mandalay,Normal,Female,Electronic accessories,57.91,8,23.164,486.444,2/7/2019,15:06,Cash,463.28,4.761904762,23.164,8.1
607-76-6216,C,Naypyitaw,Member,Female,Fashion accessories,92.49,5,23.1225,485.5725,3/2/2019,16:35,Credit card,462.45,4.761904762,23.1225,8.6
715-20-1673,B,Mandalay,Normal,Male,Electronic accessories,28.38,5,7.095,148.995,3/6/2019,20:57,Cash,141.9,4.761904762,7.095,9.4
811-35-1094,B,Mandalay,Member,Male,Electronic accessories,50.45,6,15.135,317.835,2/6/2019,15:16,Credit card,302.7,4.761904762,15.135,8.9
699-88-1972,B,Mandalay,Normal,Male,Health and beauty,99.16,8,39.664,832.944,1/28/2019,17:47,Credit card,793.28,4.761904762,39.664,4.2
781-84-8059,C,Naypyitaw,Normal,Male,Fashion accessories,60.74,7,21.259,446.439,1/18/2019,16:23,Ewallet,425.18,4.761904762,21.259,5.0
409-49-6995,C,Naypyitaw,Member,Female,Food and beverages,47.27,6,14.181,297.801,2/5/2019,10:17,Cash,283.62,4.761904762,14.181,8.8
725-54-0677,C,Naypyitaw,Member,Male,Health and beauty,85.6,7,29.96,629.16,3/2/2019,13:50,Cash,599.2,4.761904762,29.96,5.3
146-09-5432,A,Yangon,Member,Male,Food and beverages,35.04,9,15.768,331.128,2/9/2019,19:17,Ewallet,315.36,4.761904762,15.768,4.6
377-79-7592,C,Naypyitaw,Member,Female,Electronic accessories,44.84,9,20.178,423.738,1/14/2019,14:00,Credit card,403.56,4.761904762,20.178,7.5
509-10-0516,B,Mandalay,Normal,Male,Home and lifestyle,45.97,4,9.194,193.074,2/9/2019,12:02,Ewallet,183.88,4.761904762,9.194,5.1
595-94-9924,A,Yangon,Member,Female,Health and beauty,27.73,5,6.9325,145.5825,3/26/2019,20:21,Credit card,138.65,4.761904762,6.9325,4.2
865-41-9075,A,Yangon,Normal,Male,Food and beverages,11.53,7,4.0355,84.7455,1/28/2019,17:35,Cash,80.71,4.761904762,4.0355,8.1
545-07-8534,C,Naypyitaw,Normal,Female,Health and beauty,58.32,2,5.832,122.472,2/14/2019,12:42,Ewallet,116.64,4.761904762,5.832,6.0
118-62-1812,C,Naypyitaw,Member,Female,Home and lifestyle,78.38,4,15.676,329.196,3/24/2019,17:56,Cash,313.52,4.761904762,15.676,7.9
450-42-3339,C,Naypyitaw,Normal,Male,Health and beauty,84.61,10,42.305,888.405,2/9/2019,18:58,Credit card,846.1,4.761904762,42.305,8.8
851-98-3555,B,Mandalay,Normal,Female,Health and beauty,82.88,5,20.72,435.12,3/24/2019,14:08,Credit card,414.4,4.761904762,20.72,6.6
186-71-5196,A,Yangon,Member,Female,Food and beverages,79.54,2,7.954,167.034,3/27/2019,16:30,Ewallet,159.08,4.761904762,7.954,6.2
624-01-8356,B,Mandalay,Normal,Female,Home and lifestyle,49.01,10,24.505,514.605,1/27/2019,10:44,Credit card,490.1,4.761904762,24.505,4.2
313-66-9943,B,Mandalay,Member,Female,Food and beverages,29.15,3,4.3725,91.8225,3/27/2019,20:29,Credit card,87.45,4.761904762,4.3725,7.3
151-27-8496,C,Naypyitaw,Normal,Female,Electronic accessories,56.13,4,11.226,235.746,1/19/2019,11:43,Ewallet,224.52,4.761904762,11.226,8.6
453-33-6436,A,Yangon,Normal,Female,Home and lifestyle,93.12,8,37.248,782.208,2/7/2019,10:09,Cash,744.96,4.761904762,37.248,6.8
522-57-8364,A,Yangon,Member,Male,Fashion accessories,51.34,8,20.536,431.256,1/31/2019,10:00,Ewallet,410.72,4.761904762,20.536,7.6
459-45-2396,A,Yangon,Member,Female,Food and beverages,99.6,3,14.94,313.74,2/25/2019,18:45,Cash,298.8,4.761904762,14.94,5.8
717-96-4189,C,Naypyitaw,Normal,Female,Electronic accessories,35.49,6,10.647,223.587,2/2/2019,12:40,Cash,212.94,4.761904762,10.647,4.1
722-13-2115,C,Naypyitaw,Member,Male,Sports and travel,42.85,1,2.1425,44.9925,3/14/2019,15:36,Credit card,42.85,4.761904762,2.1425,9.3
749-81-8133,A,Yangon,Normal,Female,Fashion accessories,94.67,4,18.934,397.614,3/11/2019,12:04,Cash,378.68,4.761904762,18.934,6.8
777-67-2495,B,Mandalay,Normal,Male,Home and lifestyle,68.97,3,10.3455,217.2555,2/22/2019,11:26,Ewallet,206.91,4.761904762,10.3455,8.7
636-98-3364,B,Mandalay,Member,Female,Electronic accessories,26.26,3,3.939,82.719,3/2/2019,12:36,Ewallet,78.78,4.761904762,3.939,6.3
246-55-6923,C,Naypyitaw,Member,Female,Home and lifestyle,35.79,9,16.1055,338.2155,3/10/2019,15:06,Credit card,322.11,4.761904762,16.1055,5.1
181-82-6255,B,Mandalay,Normal,Female,Home and lifestyle,16.37,6,4.911,103.131,2/8/2019,10:58,Cash,98.22,4.761904762,4.911,7.0
838-02-1821,C,Naypyitaw,Member,Female,Home and lifestyle,12.73,2,1.273,26.733,2/22/2019,12:10,Credit card,25.46,4.761904762,1.273,5.2
887-42-0517,C,Naypyitaw,Normal,Female,Sports and travel,83.14,7,29.099,611.079,1/10/2019,10:31,Credit card,581.98,4.761904762,29.099,6.6
457-12-0244,C,Naypyitaw,Member,Female,Sports and travel,35.22,6,10.566,221.886,3/14/2019,13:49,Ewallet,211.32,4.761904762,10.566,6.5
226-34-0034,B,Mandalay,Normal,Female,Electronic accessories,13.78,4,2.756,57.876,1/10/2019,11:10,Ewallet,55.12,4.761904762,2.756,9.0
321-49-7382,B,Mandalay,Member,Male,Sports and travel,88.31,1,4.4155,92.7255,2/15/2019,17:38,Credit card,88.31,4.761904762,4.4155,5.2
397-25-8725,A,Yangon,Member,Female,Health and beauty,39.62,9,17.829,374.409,1/13/2019,17:54,Credit card,356.58,4.761904762,17.829,6.8
431-66-2305,B,Mandalay,Normal,Female,Electronic accessories,88.25,9,39.7125,833.9625,2/15/2019,20:51,Credit card,794.25,4.761904762,39.7125,7.6
825-94-5922,B,Mandalay,Normal,Male,Sports and travel,25.31,2,2.531,53.151,3/2/2019,19:26,Ewallet,50.62,4.761904762,2.531,7.2
641-62-7288,B,Mandalay,Normal,Male,Home and lifestyle,99.92,6,29.976,629.496,3/24/2019,13:33,Ewallet,599.52,4.761904762,29.976,7.1
756-93-1854,C,Naypyitaw,Member,Female,Fashion accessories,83.35,2,8.335,175.035,2/2/2019,14:05,Credit card,166.7,4.761904762,8.335,9.5
243-55-8457,A,Yangon,Normal,Female,Food and beverages,74.44,10,37.22,781.62,2/27/2019,11:40,Ewallet,744.4,4.761904762,37.22,5.1
458-10-8612,C,Naypyitaw,Normal,Male,Health and beauty,64.08,7,22.428,470.988,1/20/2019,12:27,Ewallet,448.56,4.761904762,22.428,7.6
501-61-1753,B,Mandalay,Normal,Female,Home and lifestyle,63.15,6,18.945,397.845,1/3/2019,20:24,Ewallet,378.9,4.761904762,18.945,9.8
235-06-8510,C,Naypyitaw,Member,Male,Home and lifestyle,85.72,3,12.858,270.018,1/24/2019,20:59,Ewallet,257.16,4.761904762,12.858,5.1
433-08-7822,C,Naypyitaw,Normal,Female,Health and beauty,78.89,7,27.6115,579.8415,1/5/2019,19:48,Ewallet,552.23,4.761904762,27.6115,7.5
361-85-2571,A,Yangon,Normal,Female,Sports and travel,89.48,5,22.37,469.77,3/30/2019,10:18,Cash,447.4,4.761904762,22.37,7.4
131-70-8179,A,Yangon,Member,Female,Health and beauty,92.09,3,13.8135,290.0835,2/17/2019,16:27,Cash,276.27,4.761904762,13.8135,4.2
500-02-2261,C,Naypyitaw,Normal,Female,Food and beverages,57.29,6,17.187,360.927,3/21/2019,17:04,Ewallet,343.74,4.761904762,17.187,5.9
720-72-2436,A,Yangon,Normal,Male,Food and beverages,66.52,4,13.304,279.384,3/2/2019,18:14,Ewallet,266.08,4.761904762,13.304,6.9
702-83-5291,C,Naypyitaw,Member,Male,Fashion accessories,99.82,9,44.919,943.299,3/27/2019,10:43,Cash,898.38,4.761904762,44.919,6.6
809-69-9497,A,Yangon,Normal,Female,Home and lifestyle,45.68,10,22.84,479.64,1/19/2019,19:30,Ewallet,456.8,4.761904762,22.84,5.7
449-16-6770,A,Yangon,Normal,Male,Health and beauty,50.79,5,12.6975,266.6475,2/19/2019,14:53,Credit card,253.95,4.761904762,12.6975,5.3
333-23-2632,A,Yangon,Member,Male,Health and beauty,10.08,7,3.528,74.088,3/28/2019,20:14,Cash,70.56,4.761904762,3.528,4.2
489-82-1237,A,Yangon,Normal,Female,Electronic accessories,93.88,7,32.858,690.018,1/5/2019,11:51,Credit card,657.16,4.761904762,32.858,7.3
859-97-6048,C,Naypyitaw,Member,Male,Electronic accessories,84.25,2,8.425,176.925,3/26/2019,14:13,Credit card,168.5,4.761904762,8.425,5.3
676-10-2200,B,Mandalay,Member,Male,Fashion accessories,53.78,1,2.689,56.469,2/3/2019,20:13,Ewallet,53.78,4.761904762,2.689,4.7
373-88-1424,C,Naypyitaw,Member,Male,Home and lifestyle,35.81,5,8.9525,188.0025,2/6/2019,18:44,Ewallet,179.05,4.761904762,8.9525,7.9
365-16-4334,B,Mandalay,Normal,Female,Food and beverages,26.43,8,10.572,222.012,2/24/2019,14:26,Ewallet,211.44,4.761904762,10.572,8.9
503-21-4385,B,Mandalay,Member,Male,Health and beauty,39.91,3,5.9865,125.7165,2/21/2019,12:40,Ewallet,119.73,4.761904762,5.9865,9.3
305-89-2768,B,Mandalay,Member,Female,Home and lifestyle,21.9,3,3.285,68.985,1/9/2019,18:43,Ewallet,65.7,4.761904762,3.285,4.7
574-80-1489,B,Mandalay,Member,Female,Food and beverages,62.85,4,12.57,263.97,2/25/2019,13:22,Ewallet,251.4,4.761904762,12.57,8.7
784-08-0310,C,Naypyitaw,Member,Female,Food and beverages,21.04,4,4.208,88.368,1/13/2019,13:58,Cash,84.16,4.761904762,4.208,7.6
200-40-6154,B,Mandalay,Member,Male,Home and lifestyle,65.91,6,19.773,415.233,2/9/2019,11:45,Cash,395.46,4.761904762,19.773,5.7
846-10-0341,A,Yangon,Normal,Female,Fashion accessories,42.57,7,14.8995,312.8895,1/6/2019,11:51,Cash,297.99,4.761904762,14.8995,6.8
577-34-7579,C,Naypyitaw,Member,Male,Food and beverages,50.49,9,22.7205,477.1305,1/10/2019,17:16,Cash,454.41,4.761904762,22.7205,5.4
430-02-3888,B,Mandalay,Normal,Male,Electronic accessories,46.02,6,13.806,289.926,2/7/2019,15:55,Cash,276.12,4.761904762,13.806,7.1
867-47-1948,C,Naypyitaw,Normal,Female,Home and lifestyle,15.8,10,7.9,165.9,1/9/2019,12:07,Cash,158.0,4.761904762,7.9,7.8
384-59-6655,A,Yangon,Member,Female,Food and beverages,98.66,9,44.397,932.337,2/19/2019,15:07,Cash,887.94,4.761904762,44.397,8.4
256-58-3609,C,Naypyitaw,Member,Male,Fashion accessories,91.98,1,4.599,96.579,3/18/2019,15:29,Cash,91.98,4.761904762,4.599,9.8
324-92-3863,A,Yangon,Member,Male,Electronic accessories,20.89,2,2.089,43.869,2/5/2019,18:45,Cash,41.78,4.761904762,2.089,9.8
593-08-5916,A,Yangon,Normal,Female,Fashion accessories,15.5,1,0.775,16.275,3/19/2019,15:23,Credit card,15.5,4.761904762,0.775,7.4
364-34-2972,C,Naypyitaw,Member,Male,Electronic accessories,96.82,3,14.523,304.983,3/30/2019,20:37,Cash,290.46,4.761904762,14.523,6.7
794-42-3736,B,Mandalay,Normal,Male,Food and beverages,33.33,2,3.333,69.993,1/26/2019,14:41,Credit card,66.66,4.761904762,3.333,6.4
172-42-8274,B,Mandalay,Normal,Female,Electronic accessories,38.27,2,3.827,80.367,3/2/2019,18:18,Credit card,76.54,4.761904762,3.827,5.8
558-60-5016,A,Yangon,Normal,Female,Home and lifestyle,33.3,9,14.985,314.685,3/4/2019,15:27,Ewallet,299.7,4.761904762,14.985,7.2
195-06-0432,A,Yangon,Member,Male,Home and lifestyle,81.01,3,12.1515,255.1815,1/13/2019,12:55,Credit card,243.03,4.761904762,12.1515,9.3
605-03-2706,A,Yangon,Normal,Female,Health and beauty,15.8,3,2.37,49.77,3/25/2019,18:02,Cash,47.4,4.761904762,2.37,9.5
214-30-2776,B,Mandalay,Member,Female,Electronic accessories,34.49,5,8.6225,181.0725,3/11/2019,19:44,Credit card,172.45,4.761904762,8.6225,9.0
746-04-1077,B,Mandalay,Member,Female,Food and beverages,84.63,10,42.315,888.615,1/1/2019,11:36,Credit card,846.3,4.761904762,42.315,9.0
448-34-8700,B,Mandalay,Member,Male,Home and lifestyle,36.91,7,12.9185,271.2885,2/10/2019,13:51,Ewallet,258.37,4.761904762,12.9185,6.7
452-04-8808,B,Mandalay,Normal,Male,Electronic accessories,87.08,7,30.478,640.038,1/26/2019,15:17,Cash,609.56,4.761904762,30.478,5.5
531-56-4728,A,Yangon,Normal,Male,Home and lifestyle,80.08,3,12.012,252.252,2/11/2019,15:29,Cash,240.24,4.761904762,12.012,5.4
744-82-9138,C,Naypyitaw,Normal,Male,Fashion accessories,86.13,2,8.613,180.873,2/7/2019,17:59,Cash,172.26,4.761904762,8.613,8.2
883-69-1285,B,Mandalay,Member,Male,Fashion accessories,49.92,2,4.992,104.832,3/6/2019,11:55,Credit card,99.84,4.761904762,4.992,7.0
221-25-5073,A,Yangon,Normal,Female,Food and beverages,74.66,4,14.932,313.572,3/4/2019,10:39,Cash,298.64,4.761904762,14.932,8.5
518-71-6847,B,Mandalay,Member,Male,Food and beverages,26.6,6,7.98,167.58,2/26/2019,15:10,Ewallet,159.6,4.761904762,7.98,4.9
156-20-0370,B,Mandalay,Normal,Female,Electronic accessories,25.45,1,1.2725,26.7225,3/10/2019,18:10,Credit card,25.45,4.761904762,1.2725,5.1
151-33-7434,B,Mandalay,Normal,Female,Food and beverages,67.77,1,3.3885,71.1585,2/4/2019,20:43,Credit card,67.77,4.761904762,3.3885,6.5
728-47-9078,C,Naypyitaw,Member,Male,Food and beverages,59.59,4,11.918,250.278,1/19/2019,12:46,Cash,238.36,4.761904762,11.918,9.8
809-46-1866,A,Yangon,Normal,Male,Health and beauty,58.15,4,11.63,244.23,1/23/2019,17:44,Cash,232.6,4.761904762,11.63,8.4
139-32-4183,A,Yangon,Member,Female,Sports and travel,97.48,9,43.866,921.186,3/14/2019,14:19,Ewallet,877.32,4.761904762,43.866,7.4
148-41-7930,C,Naypyitaw,Normal,Male,Health and beauty,99.96,7,34.986,734.706,1/23/2019,10:33,Cash,699.72,4.761904762,34.986,6.1
189-40-5216,C,Naypyitaw,Normal,Male,Electronic accessories,96.37,7,33.7295,708.3195,1/9/2019,11:40,Cash,674.59,4.761904762,33.7295,6.0
374-38-5555,B,Mandalay,Normal,Female,Fashion accessories,63.71,5,15.9275,334.4775,2/7/2019,19:30,Ewallet,318.55,4.761904762,15.9275,8.5
764-44-8999,B,Mandalay,Normal,Female,Health and beauty,14.76,2,1.476,30.996,2/18/2019,14:42,Ewallet,29.52,4.761904762,1.476,4.3
552-44-5977,B,Mandalay,Member,Male,Health and beauty,62.0,8,24.8,520.8,1/3/2019,19:08,Credit card,496.0,4.761904762,24.8,6.2
267-62-7380,C,Naypyitaw,Member,Male,Electronic accessories,82.34,10,41.17,864.57,3/29/2019,19:12,Ewallet,823.4,4.761904762,41.17,4.3
430-53-4718,B,Mandalay,Member,Male,Health and beauty,75.37,8,30.148,633.108,1/28/2019,15:46,Credit card,602.96,4.761904762,30.148,8.4
886-18-2897,A,Yangon,Normal,Female,Food and beverages,56.56,5,14.14,296.94,3/22/2019,19:06,Credit card,282.8,4.761904762,14.14,4.5
602-16-6955,B,Mandalay,Normal,Female,Sports and travel,76.6,10,38.3,804.3,1/24/2019,18:10,Ewallet,766.0,4.761904762,38.3,6.0
745-74-0715,A,Yangon,Normal,Male,Electronic accessories,58.03,2,5.803,121.863,3/10/2019,20:46,Ewallet,116.06,4.761904762,5.803,8.8
690-01-6631,B,Mandalay,Normal,Male,Fashion accessories,17.49,10,8.745,183.645,2/22/2019,18:35,Ewallet,174.9,4.761904762,8.745,6.6
652-49-6720,C,Naypyitaw,Member,Female,Electronic accessories,60.95,1,3.0475,63.9975,2/18/2019,11:40,Ewallet,60.95,4.761904762,3.0475,5.9
233-67-5758,C,Naypyitaw,Normal,Male,Health and beauty,40.35,1,2.0175,42.3675,1/29/2019,13:46,Ewallet,40.35,4.761904762,2.0175,6.2
303-96-2227,B,Mandalay,Normal,Female,Home and lifestyle,97.38,10,48.69,1022.49,3/2/2019,17:16,Ewallet,973.8,4.761904762,48.69,4.4
727-02-1313,A,Yangon,Member,Male,Food and beverages,31.84,1,1.592,33.432,2/9/2019,13:22,Cash,31.84,4.761904762,1.592,7.7
347-56-2442,A,Yangon,Normal,Male,Home and lifestyle,65.82,1,3.291,69.111,2/22/2019,15:33,Cash,65.82,4.761904762,3.291,4.1
849-09-3807,A,Yangon,Member,Female,Fashion accessories,88.34,7,30.919,649.299,2/18/2019,13:28,Cash,618.38,4.761904762,30.919,6.6
